OBJECTID,HydroID,Division,RivRegNum,RivRegName,SrcFCName,SrcFType,SrcType,SourceID,FeatRel,FSource,AttrRel,AttrSource,PlanAcc,Symbol,TextNote,AlbersArea,Shape_Length,Shape_Area
"1","9400216",Murray-Darling Basin,"8",AVOCA RIVER, , ,,,2005-07-01T00:00:00.000,GEOSCIENCE AUSTRALIA,2012-06-12T00:00:00.000,Bureau of Meteorology,"125",,,4073860704.63587,6.40500000100019,0.410018749726263
"2","9400217",Murray-Darling Basin,"9",AVON RIVER-TYRELL LAKE, , ,,,2005-07-01T00:00:00.000,GEOSCIENCE AUSTRALIA,2012-06-12T00:00:00.000,Bureau of Meteorology,"125",,,14820802285.4442,8.63500000800013,1.47783124992625
"3","9400218",Murray-Darling Basin,"23",CONDAMINE-CULGOA RIVERS, , ,,,2005-07-01T00:00:00.000,GEOSCIENCE AUSTRALIA,2012-06-12T00:00:00.000,Bureau of Meteorology,"125",,,166248986980.884,37.1349999809995,15.2145187494613
"4","9400219",Murray-Darling Basin,"14",BENANEE-WILLANDRA CREEK, , ,,,2005-07-01T00:00:00.000,GEOSCIENCE AUSTRALIA,2012-06-12T00:00:00.000,Bureau of Meteorology,"125",,,38985241368.7326,18.8249999790013,3.76397500016874
"5","9400220",Murray-Darling Basin,"17",BORDER RIVERS, , ,,,2005-07-01T00:00:00.000,GEOSCIENCE AUSTRALIA,2012-06-12T00:00:00.000,Bureau of Meteorology,"125",,,50135533153.8,14.9250000139998,4.6327437507475
"6","9400221",Murray-Darling Basin,"4",BROKEN RIVER, , ,,,2005-07-01T00:00:00.000,GEOSCIENCE AUSTRALIA,2012-06-12T00:00:00.000,Bureau of Meteorology,"125",,,5870667227.48275,6.37500000000045,0.58981875012249
"7","9400222",Murray-Darling Basin,"6",CAMPASPE RIVER, , ,,,2005-07-01T00:00:00.000,GEOSCIENCE AUSTRALIA,2012-06-12T00:00:00.000,Bureau of Meteorology,"125",,,3512093070.18412,5.4499999939992,0.355225000105
"8","9400223",Murray-Darling Basin,"21",CASTLEREAGH RIVER, , ,,,2005-07-01T00:00:00.000,GEOSCIENCE AUSTRALIA,2012-06-12T00:00:00.000,Bureau of Meteorology,"125",,,18990695754.5662,10.8100000109997,1.79518124992251
"9","9400224",Murray-Darling Basin,"26",DARLING RIVER, , ,,,2005-07-01T00:00:00.000,GEOSCIENCE AUSTRALIA,2012-06-12T00:00:00.000,Bureau of Meteorology,"125",,,118551659370.4,34.6150000020004,11.31443749976
"10","9400225",Murray-Darling Basin,"11",BILLABONG-YANCO CREEKS, , ,,,2005-07-01T00:00:00.000,GEOSCIENCE AUSTRALIA,2012-06-12T00:00:00.000,Bureau of Meteorology,"125",,,24942370109.7364,14.3799999989996,2.47041249988876
"11","9400226",Murray-Darling Basin,"5",GOULBURN RIVER, , ,,,2005-07-01T00:00:00.000,GEOSCIENCE AUSTRALIA,2012-06-12T00:00:00.000,Bureau of Meteorology,"125",,,16934847365.2747,10.4650000109998,1.71297499963375
"12","9400227",Murray-Darling Basin,"19",GWYDIR RIVER, , ,,,2005-07-01T00:00:00.000,GEOSCIENCE AUSTRALIA,2012-06-12T00:00:00.000,Bureau of Meteorology,"125",,,26187537195.1185,14.1150000099997,2.44459375000125
"13","9400228",Murray-Darling Basin,"2",KIEWA RIVER, , ,,,2005-07-01T00:00:00.000,GEOSCIENCE AUSTRALIA,2012-06-12T00:00:00.000,Bureau of Meteorology,"125",,,1729993388.38324,3.75500000799923,0.17403749980249
"14","9400229",Murray-Darling Basin,"13",LACHLAN RIVER, , ,,,2005-07-01T00:00:00.000,GEOSCIENCE AUSTRALIA,2012-06-12T00:00:00.000,Bureau of Meteorology,"125",,,88447431650.139,28.2649999730003,8.60797500012127
"15","9400230",Murray-Darling Basin,"7",LODDON RIVER, , ,,,2005-07-01T00:00:00.000,GEOSCIENCE AUSTRALIA,2012-06-12T00:00:00.000,Bureau of Meteorology,"125",,,15491791996.4211,10.029999997,1.55779375041999
"16","9400231",Murray-Darling Basin,"28",LOWER MURRAY RIVER, , ,,,2005-07-01T00:00:00.000,GEOSCIENCE AUSTRALIA,2012-06-12T00:00:00.000,Bureau of Meteorology,"125",,,39442457739.114,19.7049999739982,3.86311874963252
"17","9400232",Murray-Darling Basin,"22",MACQUARIE-BOGAN RIVERS, , ,,,2005-07-01T00:00:00.000,GEOSCIENCE AUSTRALIA,2012-06-12T00:00:00.000,Bureau of Meteorology,"125",,,73022614511.8998,24.9949999749992,6.96789375130249
"18","9400233",Murray-Darling Basin,"16",UPPER MALLEE, , ,,,2005-07-01T00:00:00.000,GEOSCIENCE AUSTRALIA,2012-06-12T00:00:00.000,Bureau of Meteorology,"125",,,26537492996.9796,17.659999998001,2.62438124991502
"19","9400234",Murray-Darling Basin,"27",LOWER MALLEE, , ,,,2005-07-01T00:00:00.000,GEOSCIENCE AUSTRALIA,2012-06-12T00:00:00.000,Bureau of Meteorology,"125",,,36188338604.0476,14.6949999809997,3.52926249970624
"20","9400235",Murray-Darling Basin,"18",MOONIE RIVER, , ,,,2005-07-01T00:00:00.000,GEOSCIENCE AUSTRALIA,2012-06-12T00:00:00.000,Bureau of Meteorology,"125",,,15594585320.3,11.6449999829994,1.43085625004125
"21","9400236",Murray-Darling Basin,"10",MURRAY RIVERINA, , ,,,2005-07-01T00:00:00.000,GEOSCIENCE AUSTRALIA,2012-06-12T00:00:00.000,Bureau of Meteorology,"125",,,20128697626.3612,17.0800000030002,2.00287500038
"22","9400237",Murray-Darling Basin,"12",MURRUMBIDGEE RIVER, , ,,,2005-07-01T00:00:00.000,GEOSCIENCE AUSTRALIA,2012-06-12T00:00:00.000,Bureau of Meteorology,"125",,,48472139377.3846,27.8149999799999,4.79143124735001
"23","9400238",Murray-Darling Basin,"20",NAMOI RIVER, , ,,,2005-07-01T00:00:00.000,GEOSCIENCE AUSTRALIA,2012-06-12T00:00:00.000,Bureau of Meteorology,"125",,,39808270863.8725,14.6599999930011,3.75296874910501
"24","9400239",Murray-Darling Basin,"3",OVENS RIVER, , ,,,2005-07-01T00:00:00.000,GEOSCIENCE AUSTRALIA,2012-06-12T00:00:00.000,Bureau of Meteorology,"125",,,6356915870.5006,5.54500001400015,0.640912499722508
"25","9400240",Murray-Darling Basin,"25",PAROO RIVER, , ,,,2005-07-01T00:00:00.000,GEOSCIENCE AUSTRALIA,2012-06-12T00:00:00.000,Bureau of Meteorology,"125",,,73324850190.0432,24.6200000000005,6.79052500013497
"26","9400241",Murray-Darling Basin,"1",UPPER MURRAY RIVER, , ,,,2005-07-01T00:00:00.000,GEOSCIENCE AUSTRALIA,2012-06-12T00:00:00.000,Bureau of Meteorology,"125",,,15343994054.2905,9.69500000500079,1.5406562501325
"27","9400242",Murray-Darling Basin,"24",WARREGO RIVER, , ,,,2005-07-01T00:00:00.000,GEOSCIENCE AUSTRALIA,2012-06-12T00:00:00.000,Bureau of Meteorology,"125",,,56175782828.9068,27.3499999689994,5.0911875005525
"28","9400243",Murray-Darling Basin,"15",WIMMERA RIVER, , ,,,2005-07-01T00:00:00.000,GEOSCIENCE AUSTRALIA,2012-06-12T00:00:00.000,Bureau of Meteorology,"125",,,16705126375.3078,12.7349999989997,1.68004374920874
"29","9400244",North East Coast,"1",JACKY JACKY CREEK, , ,,,2012-01-16T00:00:00.000,GEOSCIENCE AUSTRALIA,2012-06-12T00:00:00.000,Bureau of Meteorology,"125",,,3014847356.00499,7.16499999299981,0.249849999873732
"30","9400245",South East Coast (NSW),"1",TWEED RIVER, , ,,,2012-11-16T00:00:00.000,GEOSCIENCE AUSTRALIA,2012-06-12T00:00:00.000,Bureau of Meteorology,"125",,,1079395609.9574,2.23999999999978,0.0993437500325067
"31","9400246",Tasmania,"1",FLINDERS-CAPE BARREN ISLANDS, , ,,,2012-01-16T00:00:00.000,GEOSCIENCE AUSTRALIA,2012-06-12T00:00:00.000,Bureau of Meteorology,"125",,,1822408859.35958,4.72999999400042,0.1925062500175
"32","9400247",Carpentaria Coast,"1",KOOLATONG RIVER, , ,,,2012-01-16T00:00:00.000,GEOSCIENCE AUSTRALIA,2012-06-12T00:00:00.000,Bureau of Meteorology,"125",,,7779032136.84694,12.149999988,0.648081249874997
"33","9400248",South Australian Gulf,"1",FLEURIEU PENINSULA, , ,,,2012-11-16T00:00:00.000,GEOSCIENCE AUSTRALIA,2012-06-12T00:00:00.000,Bureau of Meteorology,"125",,,990596186.67857,1.92499999799986,0.0984500000299938
"34","9400249",South West Coast,"1",ESPERANCE COAST, , ,,,2012-01-16T00:00:00.000,GEOSCIENCE AUSTRALIA,2012-06-12T00:00:00.000,Bureau of Meteorology,"125",,,29137042457.7188,11.760000000001,2.81924374998499
"35","9400250",Pilbara-Gascoyne,"1",GREENOUGH RIVER, , ,,,2005-07-01T00:00:00.000,GEOSCIENCE AUSTRALIA,2012-06-12T00:00:00.000,Bureau of Meteorology,"125",,,25553622045.9264,12.5349999919996,2.35712499981
"36","9400251",Tanami-Timor Sea Coast,"1",CAPE LEVEQUE COAST, , ,,,2012-01-16T00:00:00.000,GEOSCIENCE AUSTRALIA,2012-06-12T00:00:00.000,Bureau of Meteorology,"125",,,22778765597.7749,12.4099999969998,1.93959375020625
"37","9400252",South Western Plateau,"1",GAIRDNER, , ,,,2012-01-16T00:00:00.000,GEOSCIENCE AUSTRALIA,2012-06-12T00:00:00.000,Bureau of Meteorology,"125",,,319262818356.732,50.1850000480023,29.7907000002412
"38","9400253",North East Coast,"10",BARRON RIVER, , ,,,2005-07-01T00:00:00.000,GEOSCIENCE AUSTRALIA,2012-06-12T00:00:00.000,Bureau of Meteorology,"125",,,2216308142.41825,3.38999999000021,0.188093749872505
"39","9400254",South East Coast (NSW),"10",HUNTER RIVER, , ,,,2012-01-16T00:00:00.000,GEOSCIENCE AUSTRALIA,2012-06-12T00:00:00.000,Bureau of Meteorology,"125",,,21450371003.4718,10.4800000009991,2.05477500009375
"40","9400255",Tasmania,"10",PIEMAN RIVER, , ,,,2005-07-01T00:00:00.000,GEOSCIENCE AUSTRALIA,2012-06-12T00:00:00.000,Bureau of Meteorology,"125",,,4165776819.61072,5.88500000699923,0.450399999662499
"41","9400256",Carpentaria Coast,"11",SETTLEMENT CREEK, , ,,,2005-07-01T00:00:00.000,GEOSCIENCE AUSTRALIA,2012-06-12T00:00:00.000,Bureau of Meteorology,"125",,,17397256249.3466,8.34999999200079,1.47751249979
"42","9400257",Tanami-Timor Sea Coast,"9",KEEP RIVER, , ,,,2012-01-16T00:00:00.000,GEOSCIENCE AUSTRALIA,2012-06-12T00:00:00.000,Bureau of Meteorology,"125",,,11591634272.591,10.9650000509993,0.975887500018766
"43","9400258",South West Coast,"10",BUSSELTON COAST, , ,,,2005-07-01T00:00:00.000,GEOSCIENCE AUSTRALIA,2012-06-12T00:00:00.000,Bureau of Meteorology,"125",,,3066585610.33165,5.34000000599883,0.298412500039993
"44","9400259",North Western Plateau,"1",DE GREY RIVER, , ,,,2012-01-16T00:00:00.000,GEOSCIENCE AUSTRALIA,2012-06-12T00:00:00.000,Bureau of Meteorology,"125",,,476682868761.735,63.8199999950027,42.18506874989
"45","9400260",North East Coast,"11",MULGRAVE-RUSSELL RIVERS, , ,,,2012-11-16T00:00:00.000,GEOSCIENCE AUSTRALIA,2012-06-12T00:00:00.000,Bureau of Meteorology,"125",,,1989243955.09704,3.31000000000063,0.168987499927503
"46","9400261",South East Coast (NSW),"11",MACQUARIE-TUGGERAH LAKES, , ,,,2012-01-16T00:00:00.000,GEOSCIENCE AUSTRALIA,2012-06-12T00:00:00.000,Bureau of Meteorology,"125",,,1575477595.82761,2.51999999600014,0.152262499887499
"47","9400262",South Australian Gulf,"9",SPENCER GULF, , ,,,2012-01-16T00:00:00.000,GEOSCIENCE AUSTRALIA,2012-06-12T00:00:00.000,Bureau of Meteorology,"125",,,16979706960.4345,10.1000000200019,1.64326874986125
"48","9400263",Tasmania,"11",SANDY CAPE COAST, , ,,,2005-07-01T00:00:00.000,GEOSCIENCE AUSTRALIA,2012-06-12T00:00:00.000,Bureau of Meteorology,"125",,,859033988.203566,2.30000000299947,0.0924437501487544
"49","9400264",Carpentaria Coast,"12",MORNINGTON ISLAND, , ,,,2012-01-16T00:00:00.000,GEOSCIENCE AUSTRALIA,2012-06-12T00:00:00.000,Bureau of Meteorology,"125",,,1002064147.38587,2.49499999999978,0.0848375000000031
"50","9400265",Tanami-Timor Sea Coast,"10",VICTORIA RIVER-WISO, , ,,,2012-01-16T00:00:00.000,GEOSCIENCE AUSTRALIA,2012-06-12T00:00:00.000,Bureau of Meteorology,"125",,,670515119109.286,71.295000065,58.0571562521275
"51","9400266",North East Coast,"12",JOHNSTONE RIVER, , ,,,2005-07-01T00:00:00.000,GEOSCIENCE AUSTRALIA,2012-06-12T00:00:00.000,Bureau of Meteorology,"125",,,2320846828.01919,3.45500000199917,0.197568750223744
"52","9400267",South Australian Gulf,"10",EYRE PENINSULA, , ,,,2012-01-16T00:00:00.000,GEOSCIENCE AUSTRALIA,2012-06-12T00:00:00.000,Bureau of Meteorology,"125",,,3616432239.20631,7.84999999600097,0.355162499899999
"53","9400268",South East Coast (NSW),"12",HAWKESBURY RIVER, , ,,,2012-01-16T00:00:00.000,GEOSCIENCE AUSTRALIA,2012-06-12T00:00:00.000,Bureau of Meteorology,"125",,,21992255506.5207,14.6749999759988,2.14098749954
"54","9400269",Tasmania,"12",ARTHUR RIVER, , ,,,2005-07-01T00:00:00.000,GEOSCIENCE AUSTRALIA,2012-06-12T00:00:00.000,Bureau of Meteorology,"125",,,2498483316.84079,4.92000000000019,0.268356249952493
"55","9400270",Carpentaria Coast,"13",NICHOLSON-LEICHHARDT RIVERS, , ,,,2005-07-01T00:00:00.000,GEOSCIENCE AUSTRALIA,2012-06-12T00:00:00.000,Bureau of Meteorology,"125",,,85167844144.1039,21.9949999849975,7.29972500064999
"56","9400271",South West Coast,"11",COLLIE-PRESTON RIVERS, , ,,,2012-01-16T00:00:00.000,GEOSCIENCE AUSTRALIA,2012-06-12T00:00:00.000,Bureau of Meteorology,"125",,,4920993647.21642,4.7400000250002,0.476862499636245
"57","9400272",Tanami-Timor Sea Coast,"11",FITZMAURICE RIVER, , ,,,2005-07-01T00:00:00.000,GEOSCIENCE AUSTRALIA,2012-06-12T00:00:00.000,Bureau of Meteorology,"125",,,10010815171.0782,9.83500000200058,0.84021249999749
"58","9400273",Tasmania,"13",KING ISLAND, , ,,,2005-07-01T00:00:00.000,GEOSCIENCE AUSTRALIA,2012-06-12T00:00:00.000,Bureau of Meteorology,"125",,,1090806929.63894,2.17999999999995,0.114818749999994
"59","9400274",North East Coast,"13",TULLY-MURRAY RIVERS, , ,,,2012-01-16T00:00:00.000,GEOSCIENCE AUSTRALIA,2012-06-12T00:00:00.000,Bureau of Meteorology,"125",,,2183633831.32637,3.45500000399909,0.186224999891254
"60","9400275",South Australian Gulf,"11",KANGAROO ISLAND, , ,,,2012-01-16T00:00:00.000,GEOSCIENCE AUSTRALIA,2012-06-12T00:00:00.000,Bureau of Meteorology,"125",,,4416342839.74773,5.6699999909996,0.440493750033752
"61","9400276",South East Coast (NSW),"13",SYDNEY COAST-GEORGES RIVER, , ,,,2012-01-16T00:00:00.000,GEOSCIENCE AUSTRALIA,2012-06-12T00:00:00.000,Bureau of Meteorology,"125",,,1751949275.20462,4.08500002100095,0.170849999983752
"62","9400277",Tanami-Timor Sea Coast,"12",MOYLE RIVER, , ,,,2012-01-16T00:00:00.000,GEOSCIENCE AUSTRALIA,2012-06-12T00:00:00.000,Bureau of Meteorology,"125",,,7025406481.74261,7.10999998200077,0.587899999594996
"63","9400278",Tasmania,"14",SMITHTON-BURNIE COAST, , ,,,2012-01-16T00:00:00.000,GEOSCIENCE AUSTRALIA,2012-06-12T00:00:00.000,Bureau of Meteorology,"125",,,4421183528.94092,8.14499997500002,0.473699999720006
"64","9400279",North East Coast,"14",CARDWELL COAST, , ,,,2005-07-01T00:00:00.000,GEOSCIENCE AUSTRALIA,2012-06-12T00:00:00.000,Bureau of Meteorology,"125",,,596445322.328006,2.21500000399931,0.0509687499087496
"65","9400280",South East Coast (NSW),"14",WOLLONGONG COAST, , ,,,2012-11-16T00:00:00.000,GEOSCIENCE AUSTRALIA,2012-06-12T00:00:00.000,Bureau of Meteorology,"125",,,793589694.113061,3.08000000599998,0.0778187498699901
"66","9400281",Carpentaria Coast,"14",MORNING INLET, , ,,,2005-07-01T00:00:00.000,GEOSCIENCE AUSTRALIA,2012-06-12T00:00:00.000,Bureau of Meteorology,"125",,,3997156092.27251,3.64999998700011,0.341037500101258
"67","9400282",South West Coast,"12",MURRAY RIVER (WA), , ,,,2012-01-16T00:00:00.000,GEOSCIENCE AUSTRALIA,2012-06-12T00:00:00.000,Bureau of Meteorology,"125",,,11982153432.224,8.16500001099968,1.15293749956499
"68","9400283",Tanami-Timor Sea Coast,"13",DALY RIVER, , ,,,2005-07-01T00:00:00.000,GEOSCIENCE AUSTRALIA,2012-06-12T00:00:00.000,Bureau of Meteorology,"125",,,57584110885.569,20.2849999959994,4.50285624902373
"69","9400284",Tasmania,"15",FORTH RIVER, , ,,,2005-07-01T00:00:00.000,GEOSCIENCE AUSTRALIA,2012-06-12T00:00:00.000,Bureau of Meteorology,"125",,,1128539579.9144,3.23000000399895,0.121781249993752
"70","9400285",North East Coast,"15",HINCHINBROOK ISLAND, , ,,,2012-01-16T00:00:00.000,GEOSCIENCE AUSTRALIA,2012-06-12T00:00:00.000,Bureau of Meteorology,"125",,,394672497.349438,1.61499999999967,0.0337374999999986
"71","9400286",South East Coast (NSW),"15",SHOALHAVEN RIVER, , ,,,2012-01-16T00:00:00.000,GEOSCIENCE AUSTRALIA,2012-06-12T00:00:00.000,Bureau of Meteorology,"125",,,7178214843.42052,7.87999997800068,0.709812499767493
"72","9400287",Tanami-Timor Sea Coast,"14",FINNISS RIVER, , ,,,2012-01-16T00:00:00.000,GEOSCIENCE AUSTRALIA,2012-06-12T00:00:00.000,Bureau of Meteorology,"125",,,9436949830.03636,10.7850000319992,0.786037499987504
"73","9400288",Tasmania,"16",MERSEY RIVER, , ,,,2005-07-01T00:00:00.000,GEOSCIENCE AUSTRALIA,2012-06-12T00:00:00.000,Bureau of Meteorology,"125",,,1975347632.65538,4.01500000999999,0.213174999867486
"74","9400289",North East Coast,"16",HERBERT RIVER, , ,,,2012-01-16T00:00:00.000,GEOSCIENCE AUSTRALIA,2012-06-12T00:00:00.000,Bureau of Meteorology,"125",,,9896294197.56857,9.0750000219989,0.845037500031245
"75","9400290",South East Coast (NSW),"16",CLYDE RIVER-JERVIS BAY, , ,,,2012-01-16T00:00:00.000,GEOSCIENCE AUSTRALIA,2012-06-12T00:00:00.000,Bureau of Meteorology,"125",,,3291706357.44816,5.61500000500075,0.326562500295001
"76","9400291",South West Coast,"13",SWAN COAST-AVON RIVER, , ,,,2005-07-01T00:00:00.000,GEOSCIENCE AUSTRALIA,2012-06-12T00:00:00.000,Bureau of Meteorology,"125",,,121447895188.672,28.1350000239996,11.54201249928
"77","9400292",Carpentaria Coast,"15",FLINDERS-NORMAN RIVERS, , ,,,2005-07-01T00:00:00.000,GEOSCIENCE AUSTRALIA,2012-06-12T00:00:00.000,Bureau of Meteorology,"125",,,231347114552.936,30.4050000239996,19.87960625002
"78","9400293",Tanami-Timor Sea Coast,"15",BATHURST-MELVILLE ISLANDS, , ,,,2012-01-16T00:00:00.000,GEOSCIENCE AUSTRALIA,2012-06-12T00:00:00.000,Bureau of Meteorology,"125",,,7487375380.10885,10.2899999919997,0.620543750059999
"79","9400294",Tasmania,"17",RUBICON RIVER, , ,,,2012-11-16T00:00:00.000,GEOSCIENCE AUSTRALIA,2012-06-12T00:00:00.000,Bureau of Meteorology,"125",,,676116148.84677,2.14000000100066,0.0726874999387556
"80","9400295",North East Coast,"17",BLACK RIVER, , ,,,2005-07-01T00:00:00.000,GEOSCIENCE AUSTRALIA,2012-06-12T00:00:00.000,Bureau of Meteorology,"125",,,1060783911.20437,2.62999999800059,0.0911062498899963
"81","9400296",South East Coast (NSW),"17",MORUYA RIVER, , ,,,2005-07-01T00:00:00.000,GEOSCIENCE AUSTRALIA,2012-06-12T00:00:00.000,Bureau of Meteorology,"125",,,1497183436.32165,2.55000000000052,0.149362500027503
"82","9400297",South West Coast,"14",MOORE-HILL RIVERS, , ,,,2005-07-01T00:00:00.000,GEOSCIENCE AUSTRALIA,2012-06-12T00:00:00.000,Bureau of Meteorology,"125",,,90980282459.9053,24.4999999659976,8.46243750005503
"83","9400298",Tanami-Timor Sea Coast,"16",ADELAIDE RIVER, , ,,,2005-07-01T00:00:00.000,GEOSCIENCE AUSTRALIA,2012-06-12T00:00:00.000,Bureau of Meteorology,"125",,,7440122497.32708,7.31999999200207,0.619906250007493
"84","9400299",Tasmania,"18",TAMAR RIVER, , ,,,2012-11-16T00:00:00.000,GEOSCIENCE AUSTRALIA,2012-06-12T00:00:00.000,Bureau of Meteorology,"125",,,11377901489.3681,10.1450000119996,1.23060625021749
"85","9400300",North East Coast,"18",ROSS RIVER, , ,,,2005-07-01T00:00:00.000,GEOSCIENCE AUSTRALIA,2012-06-12T00:00:00.000,Bureau of Meteorology,"125",,,1330680699.85727,2.2850000049998,0.114462500015002
"86","9400301",South East Coast (NSW),"18",TUROSS RIVER, , ,,,2005-07-01T00:00:00.000,GEOSCIENCE AUSTRALIA,2012-06-12T00:00:00.000,Bureau of Meteorology,"125",,,2162523057.06285,3.48999999399882,0.216674999892502
"87","9400302",Tanami-Timor Sea Coast,"17",MARY RIVER (NT), , ,,,2005-07-01T00:00:00.000,GEOSCIENCE AUSTRALIA,2012-06-12T00:00:00.000,Bureau of Meteorology,"125",,,8099654339.68891,7.84000002600214,0.675381250265005
"88","9400303",Tasmania,"19",PIPER-RINGAROOMA RIVERS, , ,,,2005-07-01T00:00:00.000,GEOSCIENCE AUSTRALIA,2012-06-12T00:00:00.000,Bureau of Meteorology,"125",,,3544314620.22019,5.21500000999947,0.379881249732504
"89","9400304",North East Coast,"19",HAUGHTON RIVER, , ,,,2012-01-16T00:00:00.000,GEOSCIENCE AUSTRALIA,2012-06-12T00:00:00.000,Bureau of Meteorology,"125",,,4141639001.28222,5.83500002500045,0.356743750243749
"90","9400305",South East Coast (NSW),"19",BEGA RIVER, , ,,,2005-07-01T00:00:00.000,GEOSCIENCE AUSTRALIA,2012-06-12T00:00:00.000,Bureau of Meteorology,"125",,,2842297878.15949,3.49000000000012,0.286224999969999
"91","9400306",Carpentaria Coast,"16",MITCHELL-COLEMAN RIVERS (QLD), , ,,,2012-01-16T00:00:00.000,GEOSCIENCE AUSTRALIA,2012-06-12T00:00:00.000,Bureau of Meteorology,"125",,,83287729803.1768,23.1749999869987,7.03745000009501
"92","9400307",Tanami-Timor Sea Coast,"18",WILDMAN RIVER, , ,,,2005-07-01T00:00:00.000,GEOSCIENCE AUSTRALIA,2012-06-12T00:00:00.000,Bureau of Meteorology,"125",,,4807064948.3756,4.55500000200038,0.3999624998225
"93","9400308",North East Coast,"2",OLIVE-PASCOE RIVERS, , ,,,2005-07-01T00:00:00.000,GEOSCIENCE AUSTRALIA,2012-06-12T00:00:00.000,Bureau of Meteorology,"125",,,4167867110.10452,5.33000000599907,0.346618749996255
"94","9400309",South East Coast (NSW),"2",BRUNSWICK RIVER, , ,,,2012-11-16T00:00:00.000,GEOSCIENCE AUSTRALIA,2012-06-12T00:00:00.000,Bureau of Meteorology,"125",,,512121408.711635,1.61499999599948,0.0471874999850065
"95","9400310",Carpentaria Coast,"2",WALKER RIVER, , ,,,2012-01-16T00:00:00.000,GEOSCIENCE AUSTRALIA,2012-06-12T00:00:00.000,Bureau of Meteorology,"125",,,9379041587.92426,7.18999999800042,0.784175000059991
"96","9400311",South Australian Gulf,"2",MYPONGA RIVER, , ,,,2005-07-01T00:00:00.000,GEOSCIENCE AUSTRALIA,2012-06-12T00:00:00.000,Bureau of Meteorology,"125",,,153683057.968989,1.05999999999949,0.0152437500100002
"97","9400312",Tanami-Timor Sea Coast,"2",FITZROY RIVER (WA), , ,,,2012-01-16T00:00:00.000,GEOSCIENCE AUSTRALIA,2012-06-12T00:00:00.000,Bureau of Meteorology,"125",,,97354656296.0108,25.7150000389994,8.31366875055874
"98","9400313",Lake Eyre Basin,"2",DIAMANTINA-GEORGINA RIVERS, , ,,,2005-07-01T00:00:00.000,GEOSCIENCE AUSTRALIA,2012-06-12T00:00:00.000,Bureau of Meteorology,"125",,,699161971889.724,68.5500000339962,62.0958187500175
"99","9400314",Tasmania,"2",EAST COAST, , ,,,2012-01-16T00:00:00.000,GEOSCIENCE AUSTRALIA,2012-06-12T00:00:00.000,Bureau of Meteorology,"125",,,6553563254.78142,15.5700000629985,0.712456250105018
"100","9400315",South West Coast,"2",ALBANY COAST, , ,,,2012-01-16T00:00:00.000,GEOSCIENCE AUSTRALIA,2012-06-12T00:00:00.000,Bureau of Meteorology,"125",,,22726773295.9031,15.1599999810006,2.22029375060501
"101","9400316",Pilbara-Gascoyne,"2",MURCHISON RIVER, , ,,,2005-07-01T00:00:00.000,GEOSCIENCE AUSTRALIA,2012-06-12T00:00:00.000,Bureau of Meteorology,"125",,,104568012566.002,25.1449999979988,9.49921250054003
"102","9400317",South Western Plateau,"2",NULLARBOR, , ,,,2005-07-01T00:00:00.000,GEOSCIENCE AUSTRALIA,2012-06-12T00:00:00.000,Bureau of Meteorology,"125",,,277975258217.763,46.0200000120007,25.8275937495275
"103","9400318",North East Coast,"20",BURDEKIN RIVER, , ,,,2012-01-16T00:00:00.000,GEOSCIENCE AUSTRALIA,2012-06-12T00:00:00.000,Bureau of Meteorology,"125",,,130975673466.081,34.3050000240009,11.3816437494663
"104","9400319",South East Coast (NSW),"20",TOWAMBA RIVER, , ,,,2012-01-16T00:00:00.000,GEOSCIENCE AUSTRALIA,2012-06-12T00:00:00.000,Bureau of Meteorology,"125",,,2199802835.41935,4.1599999999994,0.222956249999992
"105","9400320",Tanami-Timor Sea Coast,"19",SOUTH ALLIGATOR RIVER, , ,,,2012-01-16T00:00:00.000,GEOSCIENCE AUSTRALIA,2012-06-12T00:00:00.000,Bureau of Meteorology,"125",,,11822512357.5315,8.52000000199916,0.985375000150008
"106","9400321",North East Coast,"21",DON RIVER, , ,,,2012-01-16T00:00:00.000,GEOSCIENCE AUSTRALIA,2012-06-12T00:00:00.000,Bureau of Meteorology,"125",,,3093530800.90357,4.66499999300027,0.267256249913749
"107","9400322",South East Coast (Victoria),"1",EAST GIPPSLAND, , ,,,2012-11-16T00:00:00.000,GEOSCIENCE AUSTRALIA,2012-06-12T00:00:00.000,Bureau of Meteorology,"125",,,5670106339.13642,5.13000000000056,0.577418750000015
"108","9400323",Carpentaria Coast,"17",HOLROYD RIVER, , ,,,2012-11-16T00:00:00.000,GEOSCIENCE AUSTRALIA,2012-06-12T00:00:00.000,Bureau of Meteorology,"125",,,12665807060.8731,7.72500000599962,1.0604749999775
"109","9400324",Tanami-Timor Sea Coast,"20",EAST ALLIGATOR RIVER, , ,,,2012-01-16T00:00:00.000,GEOSCIENCE AUSTRALIA,2012-06-12T00:00:00.000,Bureau of Meteorology,"125",,,15486527077.0862,16.9299999789993,1.28658749986499
"110","9400325",North East Coast,"22",PROSERPINE RIVER, , ,,,2012-01-16T00:00:00.000,GEOSCIENCE AUSTRALIA,2012-06-12T00:00:00.000,Bureau of Meteorology,"125",,,2506054806.95158,4.84999999800129,0.216774999982492
"111","9400326",South East Coast (Victoria),"2",SNOWY RIVER, , ,,,2005-07-01T00:00:00.000,GEOSCIENCE AUSTRALIA,2012-06-12T00:00:00.000,Bureau of Meteorology,"125",,,15767343775.7503,10.0899999960001,1.59458750009749
"112","9400327",Carpentaria Coast,"18",ARCHER-WATSON RIVERS, , ,,,2012-01-16T00:00:00.000,GEOSCIENCE AUSTRALIA,2012-06-12T00:00:00.000,Bureau of Meteorology,"125",,,16074290069.6684,8.27500000299869,1.34206875066125
"113","9400328",Tanami-Timor Sea Coast,"21",GOOMADEER RIVER, , ,,,2005-07-01T00:00:00.000,GEOSCIENCE AUSTRALIA,2012-06-12T00:00:00.000,Bureau of Meteorology,"125",,,5599049362.81009,7.0949999970004,0.464931249961251
"114","9400329",Carpentaria Coast,"19",WARD RIVER, , ,,,2005-07-01T00:00:00.000,GEOSCIENCE AUSTRALIA,2012-06-12T00:00:00.000,Bureau of Meteorology,"125",,,1113604074.64725,2.04500000099972,0.0928250000662488
"115","9400330",Tanami-Timor Sea Coast,"22",LIVERPOOL RIVER, , ,,,2012-11-16T00:00:00.000,GEOSCIENCE AUSTRALIA,2012-06-12T00:00:00.000,Bureau of Meteorology,"125",,,8880109570.2953,7.58000001100061,0.739162499958748
"116","9400331",North East Coast,"24",O'CONNELL RIVER, , ,,,2012-01-16T00:00:00.000,GEOSCIENCE AUSTRALIA,2012-06-12T00:00:00.000,Bureau of Meteorology,"125",,,2391238409.30166,4.889999988,0.207506249786254
"117","9400332",South East Coast (Victoria),"3",MITCHELL-THOMSON RIVERS, , ,,,2012-11-16T00:00:00.000,GEOSCIENCE AUSTRALIA,2012-06-12T00:00:00.000,Bureau of Meteorology,"125",,,21091799389.2693,12.0750000070002,2.15538749979376
"118","9400333",Carpentaria Coast,"20",EMBLEY RIVER, , ,,,2005-07-01T00:00:00.000,GEOSCIENCE AUSTRALIA,2012-06-12T00:00:00.000,Bureau of Meteorology,"125",,,4717887777.40463,5.75999999800035,0.392575000032505
"119","9400334",Tanami-Timor Sea Coast,"23",BLYTH RIVER, , ,,,2012-01-16T00:00:00.000,GEOSCIENCE AUSTRALIA,2012-06-12T00:00:00.000,Bureau of Meteorology,"125",,,9105672143.90752,6.47000000700029,0.757799999496246
"120","9400335",North East Coast,"25",PIONEER RIVER, , ,,,2005-07-01T00:00:00.000,GEOSCIENCE AUSTRALIA,2012-06-12T00:00:00.000,Bureau of Meteorology,"125",,,1624763519.60374,3.9849999960004,0.141349999976248
"121","9400336",Carpentaria Coast,"21",WENLOCK RIVER, , ,,,2005-07-01T00:00:00.000,GEOSCIENCE AUSTRALIA,2012-06-12T00:00:00.000,Bureau of Meteorology,"125",,,7523088035.00384,7.87500000499972,0.626025000154989
"122","9400337",Tanami-Timor Sea Coast,"24",GOYDER RIVER, , ,,,2005-07-01T00:00:00.000,GEOSCIENCE AUSTRALIA,2012-06-12T00:00:00.000,Bureau of Meteorology,"125",,,10429551103.9832,6.81000001600012,0.869131249957498
"123","9400338",North East Coast,"26",PLANE CREEK, , ,,,2012-01-16T00:00:00.000,GEOSCIENCE AUSTRALIA,2012-06-12T00:00:00.000,Bureau of Meteorology,"125",,,2514487589.57718,6.76000000599919,0.219237499761248
"124","9400339",Carpentaria Coast,"22",DUCIE RIVER, , ,,,2005-07-01T00:00:00.000,GEOSCIENCE AUSTRALIA,2012-06-12T00:00:00.000,Bureau of Meteorology,"125",,,6773515392.71593,6.2499999919994,0.561868750067503
"125","9400340",Tanami-Timor Sea Coast,"25",BUCKINGHAM RIVER, , ,,,2012-01-16T00:00:00.000,GEOSCIENCE AUSTRALIA,2012-06-12T00:00:00.000,Bureau of Meteorology,"125",,,8726961154.649,14.3899999530013,0.7254562500425
"126","9400341",North East Coast,"27",STYX RIVER, , ,,,2005-07-01T00:00:00.000,GEOSCIENCE AUSTRALIA,2012-06-12T00:00:00.000,Bureau of Meteorology,"125",,,3143533097.39666,4.0049999900001,0.275931249749991
"127","9400342",South East Coast (Victoria),"4",SOUTH GIPPSLAND, , ,,,2012-01-16T00:00:00.000,GEOSCIENCE AUSTRALIA,2012-06-12T00:00:00.000,Bureau of Meteorology,"125",,,6202734538.3702,11.2900000080002,0.64105000054749
"128","9400343",Carpentaria Coast,"23",JARDINE RIVER, , ,,,2012-01-16T00:00:00.000,GEOSCIENCE AUSTRALIA,2012-06-12T00:00:00.000,Bureau of Meteorology,"125",,,3219289286.75734,4.76000000200008,0.266537499885005
"129","9400344",North East Coast,"28",SHOALWATER CREEK, , ,,,2012-11-16T00:00:00.000,GEOSCIENCE AUSTRALIA,2012-06-12T00:00:00.000,Bureau of Meteorology,"125",,,3693694033.25548,5.48000000300021,0.324393749766246
"130","9400345",South East Coast (Victoria),"5",BUNYIP RIVER, , ,,,2012-01-16T00:00:00.000,GEOSCIENCE AUSTRALIA,2012-06-12T00:00:00.000,Bureau of Meteorology,"125",,,4093249298.60174,7.29500000999951,0.420656250019993
"131","9400346",Carpentaria Coast,"3",GROOTE EYLANDT, , ,,,2012-01-16T00:00:00.000,GEOSCIENCE AUSTRALIA,2012-06-12T00:00:00.000,Bureau of Meteorology,"125",,,2334887389.65647,6.09499998299913,0.195362500038755
"132","9400347",North East Coast,"29",WATER PARK CREEK, , ,,,2012-01-16T00:00:00.000,GEOSCIENCE AUSTRALIA,2012-06-12T00:00:00.000,Bureau of Meteorology,"125",,,1750725394.22131,7.54500000299913,0.153987499833746
"133","9400348",South East Coast (Victoria),"6",YARRA RIVER, , ,,,2012-01-16T00:00:00.000,GEOSCIENCE AUSTRALIA,2012-06-12T00:00:00.000,Bureau of Meteorology,"125",,,5517123673.95452,7.3699999940003,0.56311250056751
"134","9400349",North East Coast,"3",LOCKHART RIVER, , ,,,2012-01-16T00:00:00.000,GEOSCIENCE AUSTRALIA,2012-06-12T00:00:00.000,Bureau of Meteorology,"125",,,2894025669.20209,5.1299999959989,0.241337499836243
"135","9400350",South East Coast (NSW),"3",RICHMOND RIVER, , ,,,2005-07-01T00:00:00.000,GEOSCIENCE AUSTRALIA,2012-06-12T00:00:00.000,Bureau of Meteorology,"125",,,7026402337.75835,5.49499999600118,0.649556250052492
"136","9400351",Carpentaria Coast,"4",ROPER RIVER, , ,,,2005-07-01T00:00:00.000,GEOSCIENCE AUSTRALIA,2012-06-12T00:00:00.000,Bureau of Meteorology,"125",,,78129586602.7,19.6849999839976,6.56543749982002
"137","9400352",South Australian Gulf,"3",ONKAPARINGA RIVER, , ,,,2005-07-01T00:00:00.000,GEOSCIENCE AUSTRALIA,2012-06-12T00:00:00.000,Bureau of Meteorology,"125",,,930154937.754282,2.43999999699963,0.0919625000262469
"138","9400353",Tanami-Timor Sea Coast,"3",LENNARD RIVER, , ,,,2012-01-16T00:00:00.000,GEOSCIENCE AUSTRALIA,2012-06-12T00:00:00.000,Bureau of Meteorology,"125",,,14754942111.1207,10.0649999929979,1.25398124993625
"139","9400354",Tasmania,"3",COAL RIVER, , ,,,2005-07-01T00:00:00.000,GEOSCIENCE AUSTRALIA,2012-06-12T00:00:00.000,Bureau of Meteorology,"125",,,981006682.104619,2.61000000700039,0.107712500136244
"140","9400355",South West Coast,"3",DENMARK RIVER, , ,,,2012-01-16T00:00:00.000,GEOSCIENCE AUSTRALIA,2012-06-12T00:00:00.000,Bureau of Meteorology,"125",,,2703168398.06496,3.49999999799968,0.266312500127506
"141","9400356",Pilbara-Gascoyne,"3",WOORAMEL RIVER, , ,,,2012-01-16T00:00:00.000,GEOSCIENCE AUSTRALIA,2012-06-12T00:00:00.000,Bureau of Meteorology,"125",,,43567011214.6466,30.0200000299977,3.93342499952873
"142","9400357",Lake Eyre Basin,"1",COOPER CREEK-BULLOO RIVER, , ,,,2005-07-01T00:00:00.000,GEOSCIENCE AUSTRALIA,2012-06-12T00:00:00.000,Bureau of Meteorology,"125",,,503564842282.915,69.6200000259972,45.88736874984
"143","9400358",North East Coast,"30",FITZROY RIVER (QLD), , ,,,2005-07-01T00:00:00.000,GEOSCIENCE AUSTRALIA,2012-06-12T00:00:00.000,Bureau of Meteorology,"125",,,142606471550.268,31.4600000300017,12.6554312500425
"144","9400359",South East Coast (Victoria),"7",WERRIBEE RIVER, , ,,,2005-07-01T00:00:00.000,GEOSCIENCE AUSTRALIA,2012-06-12T00:00:00.000,Bureau of Meteorology,"125",,,2023865146.17743,3.33500000000026,0.206674999787489
"145","9400360",North East Coast,"32",CURTIS ISLAND, , ,,,2012-11-16T00:00:00.000,GEOSCIENCE AUSTRALIA,2012-06-12T00:00:00.000,Bureau of Meteorology,"125",,,576087721.274868,1.98499999999979,0.0509687499999991
"146","9400361",North East Coast,"31",CALLIOPE RIVER, , ,,,2012-01-16T00:00:00.000,GEOSCIENCE AUSTRALIA,2012-06-12T00:00:00.000,Bureau of Meteorology,"125",,,2240572226.53335,3.69499998300148,0.198768749981249
"147","9400362",South East Coast (Victoria),"8",LITTLE RIVER, , ,,,2012-01-16T00:00:00.000,GEOSCIENCE AUSTRALIA,2014-06-20T00:00:00.000,Bureau of Meteorology,"125",,,1057365610.91708,2.1950000080011,0.108337499980004
"148","9400363",North East Coast,"33",BOYNE RIVER, , ,,,2005-07-01T00:00:00.000,GEOSCIENCE AUSTRALIA,2012-06-12T00:00:00.000,Bureau of Meteorology,"125",,,2508613901.51943,4.16999998500012,0.223131249833758
"149","9400364",South East Coast (Victoria),"9",BARWON RIVER-LAKE CORANGAMITE, , ,,,2005-07-01T00:00:00.000,GEOSCIENCE AUSTRALIA,2012-06-12T00:00:00.000,Bureau of Meteorology,"125",,,9155767593.04813,7.84999999900009,0.939481250356254
"150","9400365",North East Coast,"34",BAFFLE CREEK, , ,,,2012-01-16T00:00:00.000,GEOSCIENCE AUSTRALIA,2012-06-12T00:00:00.000,Bureau of Meteorology,"125",,,4083951352.83258,7.23000000000013,0.363499999999991
"151","9400366",South East Coast (Victoria),"10",OTWAY COAST, , ,,,2005-07-01T00:00:00.000,GEOSCIENCE AUSTRALIA,2012-06-12T00:00:00.000,Bureau of Meteorology,"125",,,3822493518.21729,6.54999998899933,0.394893750156254
"152","9400367",North East Coast,"35",KOLAN RIVER, , ,,,2012-01-16T00:00:00.000,GEOSCIENCE AUSTRALIA,2012-06-12T00:00:00.000,Bureau of Meteorology,"125",,,2928064214.00258,5.08000000600055,0.261518749942498
"153","9400368",North East Coast,"36",BURNETT RIVER, , ,,,2012-01-16T00:00:00.000,GEOSCIENCE AUSTRALIA,2012-06-12T00:00:00.000,Bureau of Meteorology,"125",,,33246322470.5529,15.9400000099994,2.98992500099749
"154","9400369",South East Coast (Victoria),"11",HOPKINS RIVER, , ,,,2005-07-01T00:00:00.000,GEOSCIENCE AUSTRALIA,2012-06-12T00:00:00.000,Bureau of Meteorology,"125",,,10063967515.8823,7.68999998800075,1.02962500015749
"155","9400370",North East Coast,"37",BURRUM RIVER, , ,,,2012-01-16T00:00:00.000,GEOSCIENCE AUSTRALIA,2012-06-12T00:00:00.000,Bureau of Meteorology,"125",,,3357370080.00806,4.87500000199981,0.300824999920006
"156","9400371",South East Coast (Victoria),"12",PORTLAND COAST, , ,,,2012-01-16T00:00:00.000,GEOSCIENCE AUSTRALIA,2012-06-12T00:00:00.000,Bureau of Meteorology,"125",,,3978603850.8281,4.81000000900053,0.408812500431255
"157","9400372",South East Coast (Victoria),"13",GLENELG RIVER, , ,,,2005-07-01T00:00:00.000,GEOSCIENCE AUSTRALIA,2012-06-12T00:00:00.000,Bureau of Meteorology,"125",,,12973272135.8512,8.31500000100164,1.32268750008625
"158","9400373",North East Coast,"38",MARY RIVER (QLD), , ,,,2005-07-01T00:00:00.000,GEOSCIENCE AUSTRALIA,2012-06-12T00:00:00.000,Bureau of Meteorology,"125",,,9493256211.84995,9.03500002200133,0.856318750110008
"159","9400374",North East Coast,"39",FRASER ISLAND, , ,,,2012-01-16T00:00:00.000,GEOSCIENCE AUSTRALIA,2012-06-12T00:00:00.000,Bureau of Meteorology,"125",,,1663268393.7406,3.79999999999927,0.149050000000013
"160","9400375",South East Coast (Victoria),"14",MILLICENT COAST, , ,,,2005-07-01T00:00:00.000,GEOSCIENCE AUSTRALIA,2012-06-12T00:00:00.000,Bureau of Meteorology,"125",,,33199466808.6684,13.7199999910005,3.34570000008876
"161","9400376",North East Coast,"4",STEWART RIVER, , ,,,2012-01-16T00:00:00.000,GEOSCIENCE AUSTRALIA,2012-06-12T00:00:00.000,Bureau of Meteorology,"125",,,2396874767.88342,2.92500000299975,0.200581249836255
"162","9400377",South East Coast (NSW),"4",CLARENCE RIVER, , ,,,2005-07-01T00:00:00.000,GEOSCIENCE AUSTRALIA,2012-06-12T00:00:00.000,Bureau of Meteorology,"125",,,22272968592.1106,12.1000000090004,2.07266249985878
"163","9400378",Carpentaria Coast,"5",TOWNS RIVER, , ,,,2005-07-01T00:00:00.000,GEOSCIENCE AUSTRALIA,2012-06-12T00:00:00.000,Bureau of Meteorology,"125",,,5406509481.95337,5.02499999999975,0.454818750000001
"164","9400379",South Australian Gulf,"4",TORRENS RIVER, , ,,,2005-07-01T00:00:00.000,GEOSCIENCE AUSTRALIA,2012-06-12T00:00:00.000,Bureau of Meteorology,"125",,,1134957094.8917,2.50499999400029,0.111893750075004
"165","9400380",Tasmania,"4",DERWENT RIVER, , ,,,2005-07-01T00:00:00.000,GEOSCIENCE AUSTRALIA,2012-06-12T00:00:00.000,Bureau of Meteorology,"125",,,9803563265.19982,10.0749999989999,1.07142499974626
"166","9400381",South West Coast,"4",KENT RIVER, , ,,,2005-07-01T00:00:00.000,GEOSCIENCE AUSTRALIA,2012-06-12T00:00:00.000,Bureau of Meteorology,"125",,,2483805285.13528,4.6050000109999,0.244324999856252
"167","9400382",Tanami-Timor Sea Coast,"4",ISDELL RIVER, , ,,,2012-01-16T00:00:00.000,GEOSCIENCE AUSTRALIA,2012-06-12T00:00:00.000,Bureau of Meteorology,"125",,,19771509768.5195,21.3349999589996,1.67388750006001
"168","9400383",Pilbara-Gascoyne,"4",GASCOYNE RIVER, , ,,,2012-11-16T00:00:00.000,GEOSCIENCE AUSTRALIA,2012-06-12T00:00:00.000,Bureau of Meteorology,"125",,,107503289200.829,28.7349999980013,9.58160624995502
"169","9400384",Lake Eyre Basin,"3",LAKE EYRE, , ,,,2005-07-01T00:00:00.000,GEOSCIENCE AUSTRALIA,2012-06-12T00:00:00.000,Bureau of Meteorology,"125",,,105702815665,29.2700000160004,9.7814250001425
"170","9400385",South Western Plateau,"3",SALT LAKE, , ,,,2012-01-16T00:00:00.000,GEOSCIENCE AUSTRALIA,2012-06-12T00:00:00.000,Bureau of Meteorology,"125",,,495814598214.273,64.0100000150007,46.0258937494288
"171","9400386",North East Coast,"40",NOOSA RIVER, , ,,,2012-01-16T00:00:00.000,GEOSCIENCE AUSTRALIA,2012-06-12T00:00:00.000,Bureau of Meteorology,"125",,,1893348769.09128,6.00499998699962,0.170681249921253
"172","9400387",North East Coast,"41",MAROOCHY RIVER, , ,,,2012-01-16T00:00:00.000,GEOSCIENCE AUSTRALIA,2012-06-12T00:00:00.000,Bureau of Meteorology,"125",,,1610910008.062,4.12999997400027,0.146187499972502
"173","9400388",North East Coast,"42",PINE RIVER, , ,,,2005-07-01T00:00:00.000,GEOSCIENCE AUSTRALIA,2012-06-12T00:00:00.000,Bureau of Meteorology,"125",,,1409911042.76327,2.59499999799971,0.128450000090002
"174","9400389",North East Coast,"43",BRISBANE RIVER, , ,,,2005-07-01T00:00:00.000,GEOSCIENCE AUSTRALIA,2012-06-12T00:00:00.000,Bureau of Meteorology,"125",,,13645075347.3011,9.83499999799881,1.24409999999249
"175","9400390",North East Coast,"44",STRADBROKE ISLAND, , ,,,2012-01-16T00:00:00.000,GEOSCIENCE AUSTRALIA,2012-06-12T00:00:00.000,Bureau of Meteorology,"125",,,443667971.862972,2.24499999899933,0.0404812500587434
"176","9400391",North East Coast,"45",LOGAN-ALBERT RIVERS, , ,,,2012-01-16T00:00:00.000,GEOSCIENCE AUSTRALIA,2012-06-12T00:00:00.000,Bureau of Meteorology,"125",,,4150809638.018,4.85499999899952,0.380787499551259
"177","9400392",North East Coast,"46",SOUTH COAST, , ,,,2012-11-16T00:00:00.000,GEOSCIENCE AUSTRALIA,2012-06-12T00:00:00.000,Bureau of Meteorology,"125",,,1300028398.65467,2.44999999499993,0.119293749903747
"178","9400393",North East Coast,"5",NORMANBY RIVER, , ,,,2005-07-01T00:00:00.000,GEOSCIENCE AUSTRALIA,2012-06-12T00:00:00.000,Bureau of Meteorology,"125",,,24743144513.0087,12.2949999789986,2.08106250035625
"179","9400394",South East Coast (NSW),"5",BELLINGER RIVER, , ,,,2012-01-16T00:00:00.000,GEOSCIENCE AUSTRALIA,2012-06-12T00:00:00.000,Bureau of Meteorology,"125",,,3463799760.79523,6.35500001500043,0.325262500452487
"180","9400395",South Australian Gulf,"5",GAWLER RIVER, , ,,,2005-07-01T00:00:00.000,GEOSCIENCE AUSTRALIA,2012-06-12T00:00:00.000,Bureau of Meteorology,"125",,,4704886684.95476,4.35499999100057,0.46136875018374
"181","9400396",Tasmania,"5",KINGSTON COAST, , ,,,2012-01-16T00:00:00.000,GEOSCIENCE AUSTRALIA,2012-06-12T00:00:00.000,Bureau of Meteorology,"125",,,652567553.342593,3.74999999899978,0.0722687500462521
"182","9400397",Carpentaria Coast,"6",LIMMEN BIGHT RIVER, , ,,,2005-07-01T00:00:00.000,GEOSCIENCE AUSTRALIA,2012-06-12T00:00:00.000,Bureau of Meteorology,"125",,,15883497121.6804,7.9450000089991,1.34096875027125
"183","9400398",South West Coast,"5",FRANKLAND-DEEP RIVERS, , ,,,2012-01-16T00:00:00.000,GEOSCIENCE AUSTRALIA,2012-06-12T00:00:00.000,Bureau of Meteorology,"125",,,6042218647.7759,7.23000000700063,0.592187500078742
"184","9400399",Tanami-Timor Sea Coast,"5",PRINCE REGENT RIVER, , ,,,2012-11-16T00:00:00.000,GEOSCIENCE AUSTRALIA,2012-06-12T00:00:00.000,Bureau of Meteorology,"125",,,14956333259.7251,17.5850000100008,1.26070000005001
"185","9400400",Pilbara-Gascoyne,"5",YANNARIE RIVER, , ,,,2012-01-16T00:00:00.000,GEOSCIENCE AUSTRALIA,2012-06-12T00:00:00.000,Bureau of Meteorology,"125",,,19881064803.3451,13.7449999890003,1.74723750011125
"186","9400401",North Western Plateau,"2",SANDY DESERT, , ,,,2012-01-16T00:00:00.000,GEOSCIENCE AUSTRALIA,2012-06-12T00:00:00.000,Bureau of Meteorology,"125",,,239112360195.216,49.0850000019988,20.63498749979
"187","9400402",North East Coast,"6",JEANNIE RIVER, , ,,,2005-07-01T00:00:00.000,GEOSCIENCE AUSTRALIA,2012-06-12T00:00:00.000,Bureau of Meteorology,"125",,,3629221250.47802,6.56999999599918,0.304599999839999
"188","9400403",South East Coast (NSW),"6",MACLEAY RIVER, , ,,,2012-01-16T00:00:00.000,GEOSCIENCE AUSTRALIA,2012-06-12T00:00:00.000,Bureau of Meteorology,"125",,,11411875059.074,8.99000000500064,1.07566875004875
"189","9400404",Carpentaria Coast,"7",ROSIE RIVER, , ,,,2005-07-01T00:00:00.000,GEOSCIENCE AUSTRALIA,2012-06-12T00:00:00.000,Bureau of Meteorology,"125",,,5067159208.39478,4.37500000199987,0.427037499954998
"190","9400405",South Australian Gulf,"6",WAKEFIELD RIVER, , ,,,2005-07-01T00:00:00.000,GEOSCIENCE AUSTRALIA,2012-06-12T00:00:00.000,Bureau of Meteorology,"125",,,2892311685.61611,4.25500001099954,0.282249999813755
"191","9400406",Tanami-Timor Sea Coast,"6",KING EDWARD RIVER, , ,,,2012-01-16T00:00:00.000,GEOSCIENCE AUSTRALIA,2012-06-12T00:00:00.000,Bureau of Meteorology,"125",,,17229193017.0184,19.974999992001,1.44673124991875
"192","9400407",Tasmania,"6",HUON RIVER, , ,,,2012-11-16T00:00:00.000,GEOSCIENCE AUSTRALIA,2012-06-12T00:00:00.000,Bureau of Meteorology,"125",,,3299607097.72402,5.63999999599991,0.364737499968747
"193","9400408",South West Coast,"6",SHANNON RIVER, , ,,,2005-07-01T00:00:00.000,GEOSCIENCE AUSTRALIA,2012-06-12T00:00:00.000,Bureau of Meteorology,"125",,,1852121343.71221,3.17000001400106,0.182318749865007
"194","9400409",Pilbara-Gascoyne,"6",ASHBURTON RIVER, , ,,,2005-07-01T00:00:00.000,GEOSCIENCE AUSTRALIA,2012-06-12T00:00:00.000,Bureau of Meteorology,"125",,,75860491673.9241,26.2199999880004,6.69933124968749
"195","9400410",North East Coast,"7",ENDEAVOUR RIVER, , ,,,2005-07-01T00:00:00.000,GEOSCIENCE AUSTRALIA,2012-06-12T00:00:00.000,Bureau of Meteorology,"125",,,2114806906.69357,3.61500000100057,0.178124999866245
"196","9400411",South East Coast (NSW),"7",HASTINGS RIVER, , ,,,2005-07-01T00:00:00.000,GEOSCIENCE AUSTRALIA,2012-06-12T00:00:00.000,Bureau of Meteorology,"125",,,4521359083.04152,4.72999997299985,0.428799999733742
"197","9400412",Carpentaria Coast,"8",McARTHUR RIVER, , ,,,2012-01-16T00:00:00.000,GEOSCIENCE AUSTRALIA,2012-06-12T00:00:00.000,Bureau of Meteorology,"125",,,19889182568.0582,10.8100000199998,1.68460000039874
"198","9400413",South Australian Gulf,"7",BROUGHTON RIVER, , ,,,2012-01-16T00:00:00.000,GEOSCIENCE AUSTRALIA,2012-06-12T00:00:00.000,Bureau of Meteorology,"125",,,15278857122.371,14.5150000139994,1.49094374972625
"199","9400414",Tanami-Timor Sea Coast,"7",DRYSDALE RIVER, , ,,,2012-01-16T00:00:00.000,GEOSCIENCE AUSTRALIA,2012-06-12T00:00:00.000,Bureau of Meteorology,"125",,,25983757883.5501,17.8699999810015,2.18440624983873
"200","9400415",Tasmania,"7",SOUTH-WEST COAST, , ,,,2012-01-16T00:00:00.000,GEOSCIENCE AUSTRALIA,2012-06-12T00:00:00.000,Bureau of Meteorology,"125",,,5481615930.41357,11.4899999900006,0.606531250266243
"201","9400416",South West Coast,"7",WARREN RIVER, , ,,,2005-07-01T00:00:00.000,GEOSCIENCE AUSTRALIA,2012-06-12T00:00:00.000,Bureau of Meteorology,"125",,,4419467594.84122,5.61500001200045,0.4327062505425
"202","9400417",Pilbara-Gascoyne,"7",ONSLOW COAST, , ,,,2012-01-16T00:00:00.000,GEOSCIENCE AUSTRALIA,2012-06-12T00:00:00.000,Bureau of Meteorology,"125",,,18436579722.1741,12.2000000180017,1.61086250019251
"203","9400418",South East Coast (NSW),"8",MANNING RIVER, , ,,,2005-07-01T00:00:00.000,GEOSCIENCE AUSTRALIA,2012-06-12T00:00:00.000,Bureau of Meteorology,"125",,,8182540700.76798,6.98500000499951,0.77877499994376
"204","9400419",North East Coast,"8",DAINTREE RIVER, , ,,,2012-01-16T00:00:00.000,GEOSCIENCE AUSTRALIA,2012-06-12T00:00:00.000,Bureau of Meteorology,"125",,,2185312890.1306,2.99499999599902,0.1846374998825
"205","9400420",Carpentaria Coast,"9",ROBINSON RIVER, , ,,,2012-01-16T00:00:00.000,GEOSCIENCE AUSTRALIA,2012-06-12T00:00:00.000,Bureau of Meteorology,"125",,,11055858887.83,7.3950000269997,0.936531250100006
"206","9400421",South Australian Gulf,"8",LAKE TORRENS-MAMBRAY COAST, , ,,,2005-07-01T00:00:00.000,GEOSCIENCE AUSTRALIA,2012-06-12T00:00:00.000,Bureau of Meteorology,"125",,,66601139193.0952,22.8999999759999,6.317481250045
"207","9400422",Tasmania,"8",GORDON RIVER, , ,,,2012-11-16T00:00:00.000,GEOSCIENCE AUSTRALIA,2012-06-12T00:00:00.000,Bureau of Meteorology,"125",,,5650193814.14516,7.19999999300126,0.618918750243751
"208","9400423",South West Coast,"8",DONNELLY RIVER, , ,,,2005-07-01T00:00:00.000,GEOSCIENCE AUSTRALIA,2012-06-12T00:00:00.000,Bureau of Meteorology,"125",,,1709247015.17212,3.36499999999921,0.167306250147502
"209","9400424",Pilbara-Gascoyne,"8",FORTESCUE RIVER, , ,,,2005-07-01T00:00:00.000,GEOSCIENCE AUSTRALIA,2012-06-12T00:00:00.000,Bureau of Meteorology,"125",,,48715918517.5039,24.1250000219997,4.27806249991748
"210","9400425",North East Coast,"9",MOSSMAN RIVER, , ,,,2005-07-01T00:00:00.000,GEOSCIENCE AUSTRALIA,2012-06-12T00:00:00.000,Bureau of Meteorology,"125",,,470255090.259824,2.22500000199989,0.0398124999499989
"211","9400426",South East Coast (NSW),"9",KARUAH RIVER, , ,,,2012-01-16T00:00:00.000,GEOSCIENCE AUSTRALIA,2012-06-12T00:00:00.000,Bureau of Meteorology,"125",,,4371997688.98527,6.79999999900019,0.418843749874986
"212","9400427",Carpentaria Coast,"10",CALVERT RIVER, , ,,,2012-01-16T00:00:00.000,GEOSCIENCE AUSTRALIA,2012-06-12T00:00:00.000,Bureau of Meteorology,"125",,,9899095049.6664,8.16499999800033,0.839937499787494
"213","9400428",Tasmania,"9",KING-HENTY RIVERS, , ,,,2005-07-01T00:00:00.000,GEOSCIENCE AUSTRALIA,2012-06-12T00:00:00.000,Bureau of Meteorology,"125",,,1792510566.76802,3.60499999700062,0.194893750023749
"214","9400429",South West Coast,"9",BLACKWOOD RIVER, , ,,,2005-07-01T00:00:00.000,GEOSCIENCE AUSTRALIA,2012-06-12T00:00:00.000,Bureau of Meteorology,"125",,,22565682609.9657,14.2550000139996,2.19185000015751
"215","9400430",Tanami-Timor Sea Coast,"8",ORD-PENTECOST RIVERS, , ,,,2012-01-16T00:00:00.000,GEOSCIENCE AUSTRALIA,2012-06-12T00:00:00.000,Bureau of Meteorology,"125",,,85159188223.1192,24.6700000180008,7.21741249999375
"216","9400431",Pilbara-Gascoyne,"9",PORT HEDLAND COAST, , ,,,2012-11-16T00:00:00.000,GEOSCIENCE AUSTRALIA,2012-06-12T00:00:00.000,Bureau of Meteorology,"125",,,34058162924.4271,15.8250000179992,2.96195000011125
"217","9400432",North East Coast,"23",WHITSUNDAY ISLANDS, , ,"0","0",2012-01-16T00:00:00.000,GEOSCIENCE AUSTRALIA,2012-06-12T00:00:00.000,Bureau of Meteorology,"125","0",,202127524.97408,3.02000001700048,0.0174874998962389
"218","9400433",Carpentaria Coast,"24",TORRES STRAIT ISLANDS, , ,"0","0",2012-01-16T00:00:00.000,GEOSCIENCE AUSTRALIA,2012-06-12T00:00:00.000,Bureau of Meteorology,"125","0",,707456642.708968,3.54000001699956,0.058362499991261
